method,condition,game,seed,agent_actions,frames,episode_index,episode_score,episode_hns
DreamerV3,official_size12m,Alien,0,597,2388,1,150.0,-1.127552573225699
DreamerV3,official_size12m,Alien,0,1163,4652,2,130.0,-1.417411846548501
DreamerV3,official_size12m,Alien,0,1849,7396,3,260.0,0.46667343004971074
DreamerV3,official_size12m,Alien,0,2396,9584,4,110.0,-1.7072711198713029
DreamerV3,official_size12m,Alien,0,3160,12640,5,270.0,0.6116030667111116
DreamerV3,official_size12m,Alien,0,3772,15088,6,160.0,-0.9826229365642982
DreamerV3,official_size12m,Alien,0,4563,18252,7,260.0,0.46667343004971074
DreamerV3,official_size12m,Alien,0,5140,20560,8,170.0,-0.8376932999028973
DreamerV3,official_size12m,Alien,0,5730,22920,9,200.0,-0.40290438991869465
DreamerV3,official_size12m,Alien,0,6230,24920,10,180.0,-0.6927636632414964
DreamerV3,official_size12m,Alien,0,6856,27424,11,170.0,-0.8376932999028973
DreamerV3,official_size12m,Alien,0,7545,30180,12,190.0,-0.5478340265800955
DreamerV3,official_size12m,Alien,0,8533,34132,13,220.0,-0.11304511659589286
DreamerV3,official_size12m,Alien,0,9182,36728,14,220.0,-0.11304511659589286
DreamerV3,official_size12m,Alien,0,9879,39516,15,220.0,-0.11304511659589286
DreamerV3,official_size12m,Alien,0,10410,41640,16,190.0,-0.5478340265800955
DreamerV3,official_size12m,Alien,0,10867,43468,17,160.0,-0.9826229365642982
DreamerV3,official_size12m,Alien,0,11324,45296,18,190.0,-0.5478340265800955
DreamerV3,official_size12m,Alien,0,11707,46828,19,140.0,-1.2724822098871
DreamerV3,official_size12m,Alien,0,12415,49660,20,390.0,2.3507587066479223
DreamerV3,official_size12m,Alien,0,13134,52536,21,270.0,0.6116030667111116
DreamerV3,official_size12m,Alien,0,13615,54460,22,290.0,0.9014623400339135
DreamerV3,official_size12m,Alien,0,14367,57468,23,300.0,1.0463919766953143
DreamerV3,official_size12m,Alien,0,14754,59016,24,280.0,0.7565327033725125
DreamerV3,official_size12m,Alien,0,15289,61156,25,250.0,0.3217437933883099
DreamerV3,official_size12m,Alien,0,15848,63392,26,280.0,0.7565327033725125
DreamerV3,official_size12m,Alien,0,16252,65008,27,90.0,-1.9971303931941047
DreamerV3,official_size12m,Alien,0,16941,67764,28,210.0,-0.25797475325729374
DreamerV3,official_size12m,Alien,0,17393,69572,29,60.0,-2.431919303178307
DreamerV3,official_size12m,Alien,0,17886,71544,30,150.0,-1.127552573225699
DreamerV3,official_size12m,Alien,0,18315,73260,31,120.0,-1.5623414832099018
DreamerV3,official_size12m,Alien,0,18851,75404,32,230.0,0.031884520065508036
DreamerV3,official_size12m,Alien,0,19749,78996,33,280.0,0.7565327033725125
DreamerV3,official_size12m,Alien,0,20465,81860,34,180.0,-0.6927636632414964
DreamerV3,official_size12m,Alien,0,21001,84004,35,310.0,1.191321613356715
DreamerV3,official_size12m,Alien,0,21588,86352,36,280.0,0.7565327033725125
DreamerV3,official_size12m,Alien,0,22094,88376,37,250.0,0.3217437933883099
DreamerV3,official_size12m,Alien,0,22705,90820,38,190.0,-0.5478340265800955
DreamerV3,official_size12m,Alien,0,23310,93240,39,270.0,0.6116030667111116
DreamerV3,official_size12m,Alien,0,24085,96340,40,380.0,2.2058290699865215
DreamerV3,official_size12m,Alien,0,24817,99268,41,320.0,1.336251250018116
DreamerV3,official_size12m,Alien,0,25511,102044,42,390.0,2.3507587066479223
DreamerV3,official_size12m,Alien,0,26146,104584,43,380.0,2.2058290699865215
DreamerV3,official_size12m,Alien,0,26885,107540,44,910.0,9.88709981304077
DreamerV3,official_size12m,Alien,0,27443,109772,45,250.0,0.3217437933883099
DreamerV3,official_size12m,Alien,0,28139,112556,46,410.0,2.6406179799707243
DreamerV3,official_size12m,Alien,0,28983,115932,47,910.0,9.88709981304077
DreamerV3,official_size12m,Alien,0,29681,118724,48,400.0,2.4956883433093235
DreamerV3,official_size12m,Alien,0,30453,121812,49,460.0,3.3652661632777288
DreamerV3,official_size12m,Alien,0,30930,123720,50,260.0,0.46667343004971074
DreamerV3,official_size12m,Alien,0,31391,125564,51,240.0,0.17681415672690892
DreamerV3,official_size12m,Alien,0,31974,127896,52,290.0,0.9014623400339135
DreamerV3,official_size12m,Alien,0,32643,130572,53,360.0,1.9159697966637197
DreamerV3,official_size12m,Alien,0,33049,132196,54,200.0,-0.40290438991869465
DreamerV3,official_size12m,Alien,0,33650,134600,55,300.0,1.0463919766953143
DreamerV3,official_size12m,Alien,0,34471,137884,56,440.0,3.075406889954927
DreamerV3,official_size12m,Alien,0,35041,140164,57,420.0,2.785547616632125
DreamerV3,official_size12m,Alien,0,35544,142176,58,290.0,0.9014623400339135
DreamerV3,official_size12m,Alien,0,36245,144980,59,260.0,0.46667343004971074
DreamerV3,official_size12m,Alien,0,37175,148700,60,980.0,10.901607269670576
DreamerV3,official_size12m,Alien,0,37909,151636,61,380.0,2.2058290699865215
DreamerV3,official_size12m,Alien,0,38351,153404,62,180.0,-0.6927636632414964
DreamerV3,official_size12m,Alien,0,38907,155628,63,460.0,3.3652661632777288
DreamerV3,official_size12m,Alien,0,39502,158008,64,300.0,1.0463919766953143
DreamerV3,official_size12m,Alien,0,40125,160500,65,410.0,2.6406179799707243
DreamerV3,official_size12m,Alien,0,40783,163132,66,400.0,2.4956883433093235
DreamerV3,official_size12m,Alien,0,41592,166368,67,430.0,2.930477253293526
DreamerV3,official_size12m,Alien,0,42099,168396,68,340.0,1.6261105233409179
DreamerV3,official_size12m,Alien,0,42889,171556,69,450.0,3.220336526616328
DreamerV3,official_size12m,Alien,0,43893,175572,70,350.0,1.7710401600023187
DreamerV3,official_size12m,Alien,0,44520,178080,71,480.0,3.655125436600531
DreamerV3,official_size12m,Alien,0,45062,180248,72,300.0,1.0463919766953143
DreamerV3,official_size12m,Alien,0,45716,182864,73,320.0,1.336251250018116
DreamerV3,official_size12m,Alien,0,46438,185752,74,390.0,2.3507587066479223
DreamerV3,official_size12m,Alien,0,47235,188940,75,500.0,3.9449847099233324
DreamerV3,official_size12m,Alien,0,47751,191004,76,380.0,2.2058290699865215
DreamerV3,official_size12m,Alien,0,48494,193976,77,930.0,10.17695908636357
DreamerV3,official_size12m,Alien,0,49022,196088,78,520.0,4.234843983246134
DreamerV3,official_size12m,Alien,0,49682,198728,79,520.0,4.234843983246134
DreamerV3,official_size12m,Alien,0,50600,202400,80,950.0,10.466818359686373
DreamerV3,official_size12m,Alien,0,51271,205084,81,350.0,1.7710401600023187
DreamerV3,official_size12m,Alien,0,52237,208948,82,630.0,5.829069986521544
DreamerV3,official_size12m,Alien,0,52972,211888,83,1020.0,11.481325816316179
DreamerV3,official_size12m,Alien,0,53694,214776,84,480.0,3.655125436600531
DreamerV3,official_size12m,Alien,0,54169,216676,85,370.0,2.0608994333251207
DreamerV3,official_size12m,Alien,0,54913,219652,86,480.0,3.655125436600531
DreamerV3,official_size12m,Alien,0,55564,222256,87,950.0,10.466818359686373
DreamerV3,official_size12m,Alien,0,56331,225324,88,560.0,4.814562529891738
DreamerV3,official_size12m,Alien,0,57086,228344,89,610.0,5.5392107131987425
DreamerV3,official_size12m,Alien,0,57696,230784,90,430.0,2.930477253293526
DreamerV3,official_size12m,Alien,0,58436,233744,91,450.0,3.220336526616328
DreamerV3,official_size12m,Alien,0,59265,237060,92,640.0,5.973999623182945
DreamerV3,official_size12m,Alien,0,60102,240408,93,550.0,4.669632893230337
DreamerV3,official_size12m,Alien,0,60771,243084,94,450.0,3.220336526616328
DreamerV3,official_size12m,Alien,0,61414,245656,95,460.0,3.3652661632777288
DreamerV3,official_size12m,Alien,0,62208,248832,96,1010.0,11.336396179654779
DreamerV3,official_size12m,Alien,0,62837,251348,97,990.0,11.046536906331976
DreamerV3,official_size12m,Alien,0,63657,254628,98,510.0,4.089914346584734
DreamerV3,official_size12m,Alien,0,64367,257468,99,420.0,2.785547616632125
DreamerV3,official_size12m,Alien,0,65066,260264,100,460.0,3.3652661632777288
DreamerV3,official_size12m,Alien,0,65666,262664,101,440.0,3.075406889954927
DreamerV3,official_size12m,Alien,0,66382,265528,102,420.0,2.785547616632125
DreamerV3,official_size12m,Alien,0,67134,268536,103,580.0,5.10442180321454
DreamerV3,official_size12m,Alien,0,67966,271864,104,1070.0,12.205973999623184
DreamerV3,official_size12m,Alien,0,68793,275172,105,440.0,3.075406889954927
DreamerV3,official_size12m,Alien,0,69541,278164,106,600.0,5.394281076537341
DreamerV3,official_size12m,Alien,0,70526,282104,107,480.0,3.655125436600531
DreamerV3,official_size12m,Alien,0,71231,284924,108,590.0,5.249351439875941
DreamerV3,official_size12m,Alien,0,71987,287948,109,450.0,3.220336526616328
DreamerV3,official_size12m,Alien,0,72653,290612,110,570.0,4.959492166553138
DreamerV3,official_size12m,Alien,0,73446,293784,111,1130.0,13.075551819591588
DreamerV3,official_size12m,Alien,0,74129,296516,112,450.0,3.220336526616328
DreamerV3,official_size12m,Alien,0,74778,299112,113,980.0,10.901607269670576
DreamerV3,official_size12m,Alien,0,75562,302248,114,430.0,2.930477253293526
DreamerV3,official_size12m,Alien,0,76365,305460,115,410.0,2.6406179799707243
DreamerV3,official_size12m,Alien,0,77081,308324,116,600.0,5.394281076537341
DreamerV3,official_size12m,Alien,0,77713,310852,117,450.0,3.220336526616328
DreamerV3,official_size12m,Alien,0,78426,313704,118,530.0,4.379773619907535
DreamerV3,official_size12m,Alien,0,79241,316964,119,470.0,3.5101957999391296
DreamerV3,official_size12m,Alien,0,79897,319588,120,450.0,3.220336526616328
DreamerV3,official_size12m,Alien,0,80615,322460,121,540.0,4.5247032565689365
DreamerV3,official_size12m,Alien,0,81481,325924,122,1160.0,13.510340729575791
DreamerV3,official_size12m,Alien,0,82380,329520,123,620.0,5.684140349860143
DreamerV3,official_size12m,Alien,0,83401,333604,124,580.0,5.10442180321454
DreamerV3,official_size12m,Alien,0,84126,336504,125,580.0,5.10442180321454
DreamerV3,official_size12m,Alien,0,84783,339132,126,520.0,4.234843983246134
DreamerV3,official_size12m,Alien,0,85612,342448,127,470.0,3.5101957999391296
DreamerV3,official_size12m,Alien,0,86215,344860,128,520.0,4.234843983246134
DreamerV3,official_size12m,Alien,0,86812,347248,129,480.0,3.655125436600531
DreamerV3,official_size12m,Alien,0,87691,350764,130,1550.0,19.162596559370428
DreamerV3,official_size12m,Alien,0,88420,353680,131,1030.0,11.62625545297758
DreamerV3,official_size12m,Alien,0,88934,355736,132,470.0,3.5101957999391296
DreamerV3,official_size12m,Alien,0,89681,358724,133,460.0,3.3652661632777288
DreamerV3,official_size12m,Alien,0,90362,361448,134,480.0,3.655125436600531
DreamerV3,official_size12m,Alien,0,91132,364528,135,1200.0,14.090059276221396
DreamerV3,official_size12m,Alien,0,91842,367368,136,510.0,4.089914346584734
DreamerV3,official_size12m,Alien,0,92541,370164,137,610.0,5.5392107131987425
DreamerV3,official_size12m,Alien,0,93378,373512,138,1080.0,12.350903636284585
DreamerV3,official_size12m,Alien,0,94194,376776,139,1070.0,12.205973999623184
DreamerV3,official_size12m,Alien,0,95000,380000,140,520.0,4.234843983246134
DreamerV3,official_size12m,Alien,0,95792,383168,141,2070.0,26.698937665763275
DreamerV3,official_size12m,Alien,0,96715,386860,142,1210.0,14.234988912882796
DreamerV3,official_size12m,Alien,0,97406,389624,143,620.0,5.684140349860143
DreamerV3,official_size12m,Alien,0,98247,392988,144,1070.0,12.205973999623184
DreamerV3,official_size12m,Alien,0,99022,396088,145,450.0,3.220336526616328
DreamerV3,official_size12m,Alien,0,99714,398856,146,540.0,4.5247032565689365
DreamerV3,official_size12m,Alien,0,100510,402040,147,560.0,4.814562529891738
DreamerV3,official_size12m,Alien,0,101271,405084,148,510.0,4.089914346584734
DreamerV3,official_size12m,Alien,0,101867,407468,149,490.0,3.8000550732619316
DreamerV3,official_size12m,Alien,0,102540,410160,150,560.0,4.814562529891738
DreamerV3,official_size12m,Alien,0,103255,413020,151,530.0,4.379773619907535
DreamerV3,official_size12m,Alien,0,104009,416036,152,600.0,5.394281076537341
DreamerV3,official_size12m,Alien,0,104932,419728,153,730.0,7.278366353135553
DreamerV3,official_size12m,Alien,0,105574,422296,154,620.0,5.684140349860143
DreamerV3,official_size12m,Alien,0,106339,425356,155,910.0,9.88709981304077
DreamerV3,official_size12m,Alien,0,107287,429148,156,670.0,6.408788533167147
DreamerV3,official_size12m,Alien,0,107949,431796,157,560.0,4.814562529891738
DreamerV3,official_size12m,Alien,0,108701,434804,158,590.0,5.249351439875941
DreamerV3,official_size12m,Alien,0,109457,437828,159,1080.0,12.350903636284585
DreamerV3,official_size12m,Alien,1,510,2040,1,280.0,0.7565327033725125
DreamerV3,official_size12m,Alien,1,1086,4344,2,90.0,-1.9971303931941047
DreamerV3,official_size12m,Alien,1,1721,6884,3,260.0,0.46667343004971074
DreamerV3,official_size12m,Alien,1,2248,8992,4,160.0,-0.9826229365642982
DreamerV3,official_size12m,Alien,1,2810,11240,5,160.0,-0.9826229365642982
DreamerV3,official_size12m,Alien,1,3458,13832,6,90.0,-1.9971303931941047
DreamerV3,official_size12m,Alien,1,4138,16552,7,170.0,-0.8376932999028973
DreamerV3,official_size12m,Alien,1,4663,18652,8,170.0,-0.8376932999028973
DreamerV3,official_size12m,Alien,1,5266,21064,9,200.0,-0.40290438991869465
DreamerV3,official_size12m,Alien,1,5886,23544,10,190.0,-0.5478340265800955
DreamerV3,official_size12m,Alien,1,6405,25620,11,90.0,-1.9971303931941047
DreamerV3,official_size12m,Alien,1,7022,28088,12,140.0,-1.2724822098871
DreamerV3,official_size12m,Alien,1,7703,30812,13,90.0,-1.9971303931941047
DreamerV3,official_size12m,Alien,1,8294,33176,14,200.0,-0.40290438991869465
DreamerV3,official_size12m,Alien,1,8964,35856,15,180.0,-0.6927636632414964
DreamerV3,official_size12m,Alien,1,9706,38824,16,200.0,-0.40290438991869465
DreamerV3,official_size12m,Alien,1,10171,40684,17,160.0,-0.9826229365642982
DreamerV3,official_size12m,Alien,1,10911,43644,18,260.0,0.46667343004971074
DreamerV3,official_size12m,Alien,1,11554,46216,19,140.0,-1.2724822098871
DreamerV3,official_size12m,Alien,1,12442,49768,20,300.0,1.0463919766953143
DreamerV3,official_size12m,Alien,1,13178,52712,21,350.0,1.7710401600023187
DreamerV3,official_size12m,Alien,1,13592,54368,22,180.0,-0.6927636632414964
DreamerV3,official_size12m,Alien,1,14221,56884,23,180.0,-0.6927636632414964
DreamerV3,official_size12m,Alien,1,14944,59776,24,200.0,-0.40290438991869465
DreamerV3,official_size12m,Alien,1,15495,61980,25,320.0,1.336251250018116
DreamerV3,official_size12m,Alien,1,16111,64444,26,300.0,1.0463919766953143
DreamerV3,official_size12m,Alien,1,16663,66652,27,270.0,0.6116030667111116
DreamerV3,official_size12m,Alien,1,17182,68728,28,240.0,0.17681415672690892
DreamerV3,official_size12m,Alien,1,17650,70600,29,250.0,0.3217437933883099
DreamerV3,official_size12m,Alien,1,18141,72564,30,320.0,1.336251250018116
DreamerV3,official_size12m,Alien,1,18625,74500,31,180.0,-0.6927636632414964
DreamerV3,official_size12m,Alien,1,19176,76704,32,420.0,2.785547616632125
DreamerV3,official_size12m,Alien,1,19728,78912,33,440.0,3.075406889954927
DreamerV3,official_size12m,Alien,1,20303,81212,34,460.0,3.3652661632777288
DreamerV3,official_size12m,Alien,1,20768,83072,35,310.0,1.191321613356715
DreamerV3,official_size12m,Alien,1,21497,85988,36,350.0,1.7710401600023187
DreamerV3,official_size12m,Alien,1,21819,87276,37,160.0,-0.9826229365642982
DreamerV3,official_size12m,Alien,1,22222,88888,38,260.0,0.46667343004971074
DreamerV3,official_size12m,Alien,1,22696,90784,39,350.0,1.7710401600023187
DreamerV3,official_size12m,Alien,1,23270,93080,40,430.0,2.930477253293526
DreamerV3,official_size12m,Alien,1,23603,94412,41,250.0,0.3217437933883099
DreamerV3,official_size12m,Alien,1,24250,97000,42,380.0,2.2058290699865215
DreamerV3,official_size12m,Alien,1,24697,98788,43,340.0,1.6261105233409179
DreamerV3,official_size12m,Alien,1,25200,100800,44,400.0,2.4956883433093235
DreamerV3,official_size12m,Alien,1,25638,102552,45,380.0,2.2058290699865215
DreamerV3,official_size12m,Alien,1,26110,104440,46,350.0,1.7710401600023187
DreamerV3,official_size12m,Alien,1,26623,106492,47,350.0,1.7710401600023187
DreamerV3,official_size12m,Alien,1,27150,108600,48,330.0,1.4811808866795169
DreamerV3,official_size12m,Alien,1,27585,110340,49,390.0,2.3507587066479223
DreamerV3,official_size12m,Alien,1,27934,111736,50,350.0,1.7710401600023187
DreamerV3,official_size12m,Alien,1,28529,114116,51,520.0,4.234843983246134
DreamerV3,official_size12m,Alien,1,29375,117500,52,460.0,3.3652661632777288
DreamerV3,official_size12m,Alien,1,29931,119724,53,430.0,2.930477253293526
DreamerV3,official_size12m,Alien,1,30575,122300,54,420.0,2.785547616632125
DreamerV3,official_size12m,Alien,1,31041,124164,55,400.0,2.4956883433093235
DreamerV3,official_size12m,Alien,1,31692,126768,56,570.0,4.959492166553138
DreamerV3,official_size12m,Alien,1,32396,129584,57,430.0,2.930477253293526
DreamerV3,official_size12m,Alien,1,32892,131568,58,460.0,3.3652661632777288
DreamerV3,official_size12m,Alien,1,33755,135020,59,1150.0,13.36541109291439
DreamerV3,official_size12m,Alien,1,34338,137352,60,500.0,3.9449847099233324
DreamerV3,official_size12m,Alien,1,34895,139580,61,600.0,5.394281076537341
DreamerV3,official_size12m,Alien,1,35416,141664,62,420.0,2.785547616632125
DreamerV3,official_size12m,Alien,1,36065,144260,63,470.0,3.5101957999391296
DreamerV3,official_size12m,Alien,1,36791,147164,64,580.0,5.10442180321454
DreamerV3,official_size12m,Alien,1,37262,149048,65,460.0,3.3652661632777288
DreamerV3,official_size12m,Alien,1,37846,151384,66,470.0,3.5101957999391296
DreamerV3,official_size12m,Alien,1,38403,153612,67,510.0,4.089914346584734
DreamerV3,official_size12m,Alien,1,38898,155592,68,480.0,3.655125436600531
DreamerV3,official_size12m,Alien,1,39336,157344,69,500.0,3.9449847099233324
DreamerV3,official_size12m,Alien,1,39804,159216,70,420.0,2.785547616632125
DreamerV3,official_size12m,Alien,1,40401,161604,71,560.0,4.814562529891738
DreamerV3,official_size12m,Alien,1,40834,163336,72,390.0,2.3507587066479223
DreamerV3,official_size12m,Alien,1,41307,165228,73,380.0,2.2058290699865215
DreamerV3,official_size12m,Alien,1,42132,168528,74,590.0,5.249351439875941
DreamerV3,official_size12m,Alien,1,42720,170880,75,420.0,2.785547616632125
DreamerV3,official_size12m,Alien,1,43315,173260,76,500.0,3.9449847099233324
DreamerV3,official_size12m,Alien,1,44042,176168,77,540.0,4.5247032565689365
DreamerV3,official_size12m,Alien,1,44576,178304,78,420.0,2.785547616632125
DreamerV3,official_size12m,Alien,1,45313,181252,79,590.0,5.249351439875941
DreamerV3,official_size12m,Alien,1,45955,183820,80,640.0,5.973999623182945
DreamerV3,official_size12m,Alien,1,46629,186516,81,460.0,3.3652661632777288
DreamerV3,official_size12m,Alien,1,47159,188636,82,630.0,5.829069986521544
DreamerV3,official_size12m,Alien,1,47638,190552,83,570.0,4.959492166553138
DreamerV3,official_size12m,Alien,1,48275,193100,84,1030.0,11.62625545297758
DreamerV3,official_size12m,Alien,1,48632,194528,85,330.0,1.4811808866795169
DreamerV3,official_size12m,Alien,1,49189,196756,86,570.0,4.959492166553138
DreamerV3,official_size12m,Alien,1,49630,198520,87,430.0,2.930477253293526
DreamerV3,official_size12m,Alien,1,50398,201592,88,580.0,5.10442180321454
DreamerV3,official_size12m,Alien,1,51022,204088,89,460.0,3.3652661632777288
DreamerV3,official_size12m,Alien,1,51501,206004,90,510.0,4.089914346584734
DreamerV3,official_size12m,Alien,1,52035,208140,91,490.0,3.8000550732619316
DreamerV3,official_size12m,Alien,1,52632,210528,92,560.0,4.814562529891738
DreamerV3,official_size12m,Alien,1,53065,212260,93,500.0,3.9449847099233324
DreamerV3,official_size12m,Alien,1,53795,215180,94,750.0,7.568225626458356
DreamerV3,official_size12m,Alien,1,54334,217336,95,450.0,3.220336526616328
DreamerV3,official_size12m,Alien,1,55036,220144,96,470.0,3.5101957999391296
DreamerV3,official_size12m,Alien,1,55589,222356,97,480.0,3.655125436600531
DreamerV3,official_size12m,Alien,1,56017,224068,98,510.0,4.089914346584734
DreamerV3,official_size12m,Alien,1,56489,225956,99,520.0,4.234843983246134
DreamerV3,official_size12m,Alien,1,57219,228876,100,570.0,4.959492166553138
DreamerV3,official_size12m,Alien,1,57664,230656,101,480.0,3.655125436600531
DreamerV3,official_size12m,Alien,1,58031,232124,102,440.0,3.075406889954927
DreamerV3,official_size12m,Alien,1,58541,234164,103,480.0,3.655125436600531
DreamerV3,official_size12m,Alien,1,58887,235548,104,350.0,1.7710401600023187
DreamerV3,official_size12m,Alien,1,59238,236952,105,300.0,1.0463919766953143
DreamerV3,official_size12m,Alien,1,59875,239500,106,700.0,6.84357744315135
DreamerV3,official_size12m,Alien,1,60471,241884,107,460.0,3.3652661632777288
DreamerV3,official_size12m,Alien,1,61074,244296,108,580.0,5.10442180321454
DreamerV3,official_size12m,Alien,1,61552,246208,109,610.0,5.5392107131987425
DreamerV3,official_size12m,Alien,1,62110,248440,110,570.0,4.959492166553138
DreamerV3,official_size12m,Alien,1,62543,250172,111,530.0,4.379773619907535
DreamerV3,official_size12m,Alien,1,63336,253344,112,620.0,5.684140349860143
DreamerV3,official_size12m,Alien,1,63901,255604,113,510.0,4.089914346584734
DreamerV3,official_size12m,Alien,1,64465,257860,114,550.0,4.669632893230337
DreamerV3,official_size12m,Alien,1,64904,259616,115,470.0,3.5101957999391296
DreamerV3,official_size12m,Alien,1,65371,261484,116,460.0,3.3652661632777288
DreamerV3,official_size12m,Alien,1,65977,263908,117,480.0,3.655125436600531
DreamerV3,official_size12m,Alien,1,66506,266024,118,480.0,3.655125436600531
DreamerV3,official_size12m,Alien,1,67101,268404,119,620.0,5.684140349860143
DreamerV3,official_size12m,Alien,1,67781,271124,120,600.0,5.394281076537341
DreamerV3,official_size12m,Alien,1,68456,273824,121,1150.0,13.36541109291439
DreamerV3,official_size12m,Alien,1,69169,276676,122,1140.0,13.22048145625299
DreamerV3,official_size12m,Alien,1,69692,278768,123,590.0,5.249351439875941
DreamerV3,official_size12m,Alien,1,70211,280844,124,530.0,4.379773619907535
DreamerV3,official_size12m,Alien,1,70865,283460,125,1090.0,12.495833272945985
DreamerV3,official_size12m,Alien,1,71341,285364,126,550.0,4.669632893230337
DreamerV3,official_size12m,Alien,1,72094,288376,127,720.0,7.133436716474153
DreamerV3,official_size12m,Alien,1,72632,290528,128,560.0,4.814562529891738
DreamerV3,official_size12m,Alien,1,73369,293476,129,670.0,6.408788533167147
DreamerV3,official_size12m,Alien,1,73834,295336,130,560.0,4.814562529891738
DreamerV3,official_size12m,Alien,1,74489,297956,131,550.0,4.669632893230337
DreamerV3,official_size12m,Alien,1,75467,301868,132,720.0,7.133436716474153
DreamerV3,official_size12m,Alien,1,76017,304068,133,540.0,4.5247032565689365
DreamerV3,official_size12m,Alien,1,76591,306364,134,1090.0,12.495833272945985
DreamerV3,official_size12m,Alien,1,77268,309072,135,660.0,6.263858896505747
DreamerV3,official_size12m,Alien,1,77769,311076,136,510.0,4.089914346584734
DreamerV3,official_size12m,Alien,1,78342,313368,137,480.0,3.655125436600531
DreamerV3,official_size12m,Alien,1,79025,316100,138,520.0,4.234843983246134
DreamerV3,official_size12m,Alien,1,79877,319508,139,720.0,7.133436716474153
DreamerV3,official_size12m,Alien,1,80320,321280,140,530.0,4.379773619907535
DreamerV3,official_size12m,Alien,1,80881,323524,141,540.0,4.5247032565689365
DreamerV3,official_size12m,Alien,1,81581,326324,142,690.0,6.69864780648995
DreamerV3,official_size12m,Alien,1,82257,329028,143,630.0,5.829069986521544
DreamerV3,official_size12m,Alien,1,82777,331108,144,530.0,4.379773619907535
DreamerV3,official_size12m,Alien,1,83708,334832,145,640.0,5.973999623182945
DreamerV3,official_size12m,Alien,1,84472,337888,146,740.0,7.423295989796955
DreamerV3,official_size12m,Alien,1,85033,340132,147,600.0,5.394281076537341
DreamerV3,official_size12m,Alien,1,85599,342396,148,460.0,3.3652661632777288
DreamerV3,official_size12m,Alien,1,86499,345996,149,800.0,8.29287380976536
DreamerV3,official_size12m,Alien,1,87285,349140,150,1230.0,14.524848186205597
DreamerV3,official_size12m,Alien,1,87961,351844,151,540.0,4.5247032565689365
DreamerV3,official_size12m,Alien,1,88577,354308,152,590.0,5.249351439875941
DreamerV3,official_size12m,Alien,1,89326,357304,153,750.0,7.568225626458356
DreamerV3,official_size12m,Alien,1,90081,360324,154,760.0,7.713155263119757
DreamerV3,official_size12m,Alien,1,90838,363352,155,520.0,4.234843983246134
DreamerV3,official_size12m,Alien,1,91280,365120,156,520.0,4.234843983246134
DreamerV3,official_size12m,Alien,1,91865,367460,157,570.0,4.959492166553138
DreamerV3,official_size12m,Alien,1,92447,369788,158,510.0,4.089914346584734
DreamerV3,official_size12m,Alien,1,93132,372528,159,600.0,5.394281076537341
DreamerV3,official_size12m,Alien,1,93900,375600,160,710.0,6.988507079812751
DreamerV3,official_size12m,Alien,1,94670,378680,161,710.0,6.988507079812751
DreamerV3,official_size12m,Alien,1,95260,381040,162,560.0,4.814562529891738
DreamerV3,official_size12m,Alien,1,95966,383864,163,740.0,7.423295989796955
DreamerV3,official_size12m,Alien,1,96673,386692,164,680.0,6.5537181698285485
DreamerV3,official_size12m,Alien,1,97438,389752,165,1160.0,13.510340729575791
DreamerV3,official_size12m,Alien,1,97813,391252,166,480.0,3.655125436600531
DreamerV3,official_size12m,Alien,1,98659,394636,167,790.0,8.14794417310396
DreamerV3,official_size12m,Alien,1,99441,397764,168,1220.0,14.379918549544197
DreamerV3,official_size12m,Alien,1,100207,400828,169,720.0,7.133436716474153
DreamerV3,official_size12m,Alien,1,101095,404380,170,1060.0,12.061044362961782
DreamerV3,official_size12m,Alien,1,101895,407580,171,720.0,7.133436716474153
DreamerV3,official_size12m,Alien,1,102527,410108,172,700.0,6.84357744315135
DreamerV3,official_size12m,Alien,1,103345,413380,173,690.0,6.69864780648995
DreamerV3,official_size12m,Alien,1,104130,416520,174,670.0,6.408788533167147
DreamerV3,official_size12m,Alien,1,104836,419344,175,720.0,7.133436716474153
DreamerV3,official_size12m,Alien,1,105668,422672,176,700.0,6.84357744315135
DreamerV3,official_size12m,Alien,1,106553,426212,177,770.0,7.858084899781158
DreamerV3,official_size12m,Alien,1,107424,429696,178,680.0,6.5537181698285485
DreamerV3,official_size12m,Alien,1,108106,432424,179,700.0,6.84357744315135
DreamerV3,official_size12m,Alien,1,108873,435492,180,760.0,7.713155263119757
DreamerV3,official_size12m,Alien,1,109702,438808,181,720.0,7.133436716474153
DreamerV3,official_size12m,Alien,2,586,2344,1,220.0,-0.11304511659589286
DreamerV3,official_size12m,Alien,2,1145,4580,2,180.0,-0.6927636632414964
DreamerV3,official_size12m,Alien,2,2066,8264,3,230.0,0.031884520065508036
DreamerV3,official_size12m,Alien,2,2879,11516,4,280.0,0.7565327033725125
DreamerV3,official_size12m,Alien,2,3369,13476,5,180.0,-0.6927636632414964
DreamerV3,official_size12m,Alien,2,4471,17884,6,930.0,10.17695908636357
DreamerV3,official_size12m,Alien,2,5089,20356,7,150.0,-1.127552573225699
DreamerV3,official_size12m,Alien,2,5634,22536,8,220.0,-0.11304511659589286
DreamerV3,official_size12m,Alien,2,6397,25588,9,240.0,0.17681415672690892
DreamerV3,official_size12m,Alien,2,7031,28124,10,150.0,-1.127552573225699
DreamerV3,official_size12m,Alien,2,7676,30704,11,170.0,-0.8376932999028973
DreamerV3,official_size12m,Alien,2,8312,33248,12,170.0,-0.8376932999028973
DreamerV3,official_size12m,Alien,2,9091,36364,13,280.0,0.7565327033725125
DreamerV3,official_size12m,Alien,2,9636,38544,14,90.0,-1.9971303931941047
DreamerV3,official_size12m,Alien,2,10468,41872,15,160.0,-0.9826229365642982
DreamerV3,official_size12m,Alien,2,11076,44304,16,160.0,-0.9826229365642982
DreamerV3,official_size12m,Alien,2,11745,46980,17,140.0,-1.2724822098871
DreamerV3,official_size12m,Alien,2,12173,48692,18,70.0,-2.2869896665169063
DreamerV3,official_size12m,Alien,2,12782,51128,19,140.0,-1.2724822098871
DreamerV3,official_size12m,Alien,2,13414,53656,20,110.0,-1.7072711198713029
DreamerV3,official_size12m,Alien,2,14183,56732,21,290.0,0.9014623400339135
DreamerV3,official_size12m,Alien,2,14821,59284,22,380.0,2.2058290699865215
DreamerV3,official_size12m,Alien,2,15310,61240,23,250.0,0.3217437933883099
DreamerV3,official_size12m,Alien,2,15899,63596,24,320.0,1.336251250018116
DreamerV3,official_size12m,Alien,2,16780,67120,25,990.0,11.046536906331976
DreamerV3,official_size12m,Alien,2,17406,69624,26,390.0,2.3507587066479223
DreamerV3,official_size12m,Alien,2,17878,71512,27,200.0,-0.40290438991869465
DreamerV3,official_size12m,Alien,2,18409,73636,28,290.0,0.9014623400339135
DreamerV3,official_size12m,Alien,2,19006,76024,29,410.0,2.6406179799707243
DreamerV3,official_size12m,Alien,2,19588,78352,30,260.0,0.46667343004971074
DreamerV3,official_size12m,Alien,2,20064,80256,31,360.0,1.9159697966637197
DreamerV3,official_size12m,Alien,2,20763,83052,32,440.0,3.075406889954927
DreamerV3,official_size12m,Alien,2,21330,85320,33,250.0,0.3217437933883099
DreamerV3,official_size12m,Alien,2,21749,86996,34,160.0,-0.9826229365642982
DreamerV3,official_size12m,Alien,2,22340,89360,35,390.0,2.3507587066479223
DreamerV3,official_size12m,Alien,2,23185,92740,36,430.0,2.930477253293526
DreamerV3,official_size12m,Alien,2,23808,95232,37,470.0,3.5101957999391296
DreamerV3,official_size12m,Alien,2,24507,98028,38,430.0,2.930477253293526
DreamerV3,official_size12m,Alien,2,25251,101004,39,340.0,1.6261105233409179
DreamerV3,official_size12m,Alien,2,26027,104108,40,300.0,1.0463919766953143
DreamerV3,official_size12m,Alien,2,26556,106224,41,440.0,3.075406889954927
DreamerV3,official_size12m,Alien,2,27412,109648,42,380.0,2.2058290699865215
DreamerV3,official_size12m,Alien,2,28101,112404,43,600.0,5.394281076537341
DreamerV3,official_size12m,Alien,2,28674,114696,44,540.0,4.5247032565689365
DreamerV3,official_size12m,Alien,2,29282,117128,45,490.0,3.8000550732619316
DreamerV3,official_size12m,Alien,2,29859,119436,46,530.0,4.379773619907535
DreamerV3,official_size12m,Alien,2,30259,121036,47,340.0,1.6261105233409179
DreamerV3,official_size12m,Alien,2,30831,123324,48,550.0,4.669632893230337
DreamerV3,official_size12m,Alien,2,31443,125772,49,440.0,3.075406889954927
DreamerV3,official_size12m,Alien,2,32052,128208,50,540.0,4.5247032565689365
DreamerV3,official_size12m,Alien,2,32518,130072,51,320.0,1.336251250018116
DreamerV3,official_size12m,Alien,2,33067,132268,52,430.0,2.930477253293526
DreamerV3,official_size12m,Alien,2,33574,134296,53,480.0,3.655125436600531
DreamerV3,official_size12m,Alien,2,34031,136124,54,360.0,1.9159697966637197
DreamerV3,official_size12m,Alien,2,34544,138176,55,510.0,4.089914346584734
DreamerV3,official_size12m,Alien,2,34899,139596,56,250.0,0.3217437933883099
DreamerV3,official_size12m,Alien,2,35465,141860,57,440.0,3.075406889954927
DreamerV3,official_size12m,Alien,2,35827,143308,58,300.0,1.0463919766953143
DreamerV3,official_size12m,Alien,2,36468,145872,59,940.0,10.321888723024973
DreamerV3,official_size12m,Alien,2,37059,148236,60,510.0,4.089914346584734
DreamerV3,official_size12m,Alien,2,37920,151680,61,580.0,5.10442180321454
DreamerV3,official_size12m,Alien,2,38619,154476,62,490.0,3.8000550732619316
DreamerV3,official_size12m,Alien,2,39264,157056,63,1090.0,12.495833272945985
DreamerV3,official_size12m,Alien,2,39829,159316,64,530.0,4.379773619907535
DreamerV3,official_size12m,Alien,2,40284,161136,65,920.0,10.03202944970217
DreamerV3,official_size12m,Alien,2,40940,163760,66,470.0,3.5101957999391296
DreamerV3,official_size12m,Alien,2,41502,166008,67,450.0,3.220336526616328
DreamerV3,official_size12m,Alien,2,42297,169188,68,690.0,6.69864780648995
DreamerV3,official_size12m,Alien,2,42794,171176,69,400.0,2.4956883433093235
DreamerV3,official_size12m,Alien,2,43394,173576,70,1100.0,12.640762909607385
DreamerV3,official_size12m,Alien,2,44178,176712,71,550.0,4.669632893230337
DreamerV3,official_size12m,Alien,2,44919,179676,72,1030.0,11.62625545297758
DreamerV3,official_size12m,Alien,2,45404,181616,73,400.0,2.4956883433093235
DreamerV3,official_size12m,Alien,2,46113,184452,74,520.0,4.234843983246134
DreamerV3,official_size12m,Alien,2,46658,186632,75,400.0,2.4956883433093235
DreamerV3,official_size12m,Alien,2,47156,188624,76,540.0,4.5247032565689365
DreamerV3,official_size12m,Alien,2,47859,191436,77,500.0,3.9449847099233324
DreamerV3,official_size12m,Alien,2,48369,193476,78,540.0,4.5247032565689365
DreamerV3,official_size12m,Alien,2,49143,196572,79,610.0,5.5392107131987425
DreamerV3,official_size12m,Alien,2,49549,198196,80,410.0,2.6406179799707243
DreamerV3,official_size12m,Alien,2,50168,200672,81,960.0,10.611747996347773
DreamerV3,official_size12m,Alien,2,50850,203400,82,570.0,4.959492166553138
DreamerV3,official_size12m,Alien,2,51408,205632,83,460.0,3.3652661632777288
DreamerV3,official_size12m,Alien,2,52276,209104,84,660.0,6.263858896505747
DreamerV3,official_size12m,Alien,2,52747,210988,85,440.0,3.075406889954927
DreamerV3,official_size12m,Alien,2,53639,214556,86,640.0,5.973999623182945
DreamerV3,official_size12m,Alien,2,54298,217192,87,470.0,3.5101957999391296
DreamerV3,official_size12m,Alien,2,54842,219368,88,450.0,3.220336526616328
DreamerV3,official_size12m,Alien,2,55480,221920,89,580.0,5.10442180321454
DreamerV3,official_size12m,Alien,2,56078,224312,90,470.0,3.5101957999391296
DreamerV3,official_size12m,Alien,2,56881,227524,91,610.0,5.5392107131987425
DreamerV3,official_size12m,Alien,2,57551,230204,92,660.0,6.263858896505747
DreamerV3,official_size12m,Alien,2,58213,232852,93,480.0,3.655125436600531
DreamerV3,official_size12m,Alien,2,59112,236448,94,640.0,5.973999623182945
DreamerV3,official_size12m,Alien,2,59688,238752,95,660.0,6.263858896505747
DreamerV3,official_size12m,Alien,2,60459,241836,96,630.0,5.829069986521544
DreamerV3,official_size12m,Alien,2,61101,244404,97,540.0,4.5247032565689365
DreamerV3,official_size12m,Alien,2,61728,246912,98,620.0,5.684140349860143
DreamerV3,official_size12m,Alien,2,62270,249080,99,520.0,4.234843983246134
DreamerV3,official_size12m,Alien,2,63044,252176,100,550.0,4.669632893230337
DreamerV3,official_size12m,Alien,2,64054,256216,101,1430.0,17.423440919433617
DreamerV3,official_size12m,Alien,2,64781,259124,102,590.0,5.249351439875941
DreamerV3,official_size12m,Alien,2,65639,262556,103,1660.0,20.756822562645837
DreamerV3,official_size12m,Alien,2,66457,265828,104,1230.0,14.524848186205597
DreamerV3,official_size12m,Alien,2,67295,269180,105,1250.0,14.8147074595284
DreamerV3,official_size12m,Alien,2,68019,272076,106,580.0,5.10442180321454
DreamerV3,official_size12m,Alien,2,68569,274276,107,510.0,4.089914346584734
DreamerV3,official_size12m,Alien,2,69150,276600,108,990.0,11.046536906331976
DreamerV3,official_size12m,Alien,2,69878,279512,109,1120.0,12.930622182930188
DreamerV3,official_size12m,Alien,2,71008,284032,110,1290.0,15.394426006174003
DreamerV3,official_size12m,Alien,2,71787,287148,111,740.0,7.423295989796955
DreamerV3,official_size12m,Alien,2,72316,289264,112,470.0,3.5101957999391296
DreamerV3,official_size12m,Alien,2,73133,292532,113,540.0,4.5247032565689365
DreamerV3,official_size12m,Alien,2,74010,296040,114,640.0,5.973999623182945
DreamerV3,official_size12m,Alien,2,74564,298256,115,450.0,3.220336526616328
DreamerV3,official_size12m,Alien,2,75527,302108,116,640.0,5.973999623182945
DreamerV3,official_size12m,Alien,2,76477,305908,117,780.0,8.003014536442558
DreamerV3,official_size12m,Alien,2,77157,308628,118,1060.0,12.061044362961782
DreamerV3,official_size12m,Alien,2,78254,313016,119,1760.0,22.206118929259844
DreamerV3,official_size12m,Alien,2,79177,316708,120,1150.0,13.36541109291439
DreamerV3,official_size12m,Alien,2,80180,320720,121,1760.0,22.206118929259844
DreamerV3,official_size12m,Alien,2,81107,324428,122,1260.0,14.9596370961898
DreamerV3,official_size12m,Alien,2,82134,328536,123,2900.0,38.728097508659545
DreamerV3,official_size12m,Alien,2,82985,331940,124,690.0,6.69864780648995
DreamerV3,official_size12m,Alien,2,83515,334060,125,1030.0,11.62625545297758
DreamerV3,official_size12m,Alien,2,84261,337044,126,600.0,5.394281076537341
DreamerV3,official_size12m,Alien,2,85197,340788,127,1370.0,16.55386309946521
DreamerV3,official_size12m,Alien,2,85788,343152,128,580.0,5.10442180321454
DreamerV3,official_size12m,Alien,2,86279,345116,129,560.0,4.814562529891738
DreamerV3,official_size12m,Alien,2,87141,348564,130,1760.0,22.206118929259844
DreamerV3,official_size12m,Alien,2,87883,351532,131,600.0,5.394281076537341
DreamerV3,official_size12m,Alien,2,88458,353832,132,500.0,3.9449847099233324
DreamerV3,official_size12m,Alien,2,89100,356400,133,630.0,5.829069986521544
DreamerV3,official_size12m,Alien,2,89679,358716,134,670.0,6.408788533167147
DreamerV3,official_size12m,Alien,2,90306,361224,135,630.0,5.829069986521544
DreamerV3,official_size12m,Alien,2,90847,363388,136,530.0,4.379773619907535
DreamerV3,official_size12m,Alien,2,91524,366096,137,1200.0,14.090059276221396
DreamerV3,official_size12m,Alien,2,92176,368704,138,720.0,7.133436716474153
DreamerV3,official_size12m,Alien,2,92900,371600,139,510.0,4.089914346584734
DreamerV3,official_size12m,Alien,2,93348,373392,140,950.0,10.466818359686373
DreamerV3,official_size12m,Alien,2,94002,376008,141,670.0,6.408788533167147
DreamerV3,official_size12m,Alien,2,94658,378632,142,580.0,5.10442180321454
DreamerV3,official_size12m,Alien,2,95446,381784,143,1240.0,14.669777822867
DreamerV3,official_size12m,Alien,2,96107,384428,144,750.0,7.568225626458356
DreamerV3,official_size12m,Alien,2,96747,386988,145,580.0,5.10442180321454
DreamerV3,official_size12m,Alien,2,97410,389640,146,530.0,4.379773619907535
DreamerV3,official_size12m,Alien,2,98128,392512,147,670.0,6.408788533167147
DreamerV3,official_size12m,Alien,2,98929,395716,148,1220.0,14.379918549544197
DreamerV3,official_size12m,Alien,2,99576,398304,149,660.0,6.263858896505747
DreamerV3,official_size12m,Alien,2,100421,401684,150,1240.0,14.669777822867
DreamerV3,official_size12m,Alien,2,101394,405576,151,840.0,8.872592356410964
DreamerV3,official_size12m,Alien,2,102230,408920,152,2240.0,29.16274148900709
DreamerV3,official_size12m,Alien,2,103023,412092,153,790.0,8.14794417310396
DreamerV3,official_size12m,Alien,2,104139,416556,154,1350.0,16.26400382614241
DreamerV3,official_size12m,Alien,2,105000,420000,155,1290.0,15.394426006174003
DreamerV3,official_size12m,Alien,2,105809,423236,156,810.0,8.437803446426761
DreamerV3,official_size12m,Alien,2,106763,427052,157,870.0,9.307381266395167
DreamerV3,official_size12m,Alien,2,107401,429604,158,660.0,6.263858896505747
DreamerV3,official_size12m,Alien,2,108412,433648,159,1450.0,17.713300192756417
DreamerV3,official_size12m,Alien,2,109285,437140,160,880.0,9.452310903056567
DreamerV3,official_size12m,Alien,3,572,2288,1,170.0,-0.8376932999028973
DreamerV3,official_size12m,Alien,3,1179,4716,2,210.0,-0.25797475325729374
DreamerV3,official_size12m,Alien,3,1772,7088,3,190.0,-0.5478340265800955
DreamerV3,official_size12m,Alien,3,2596,10384,4,300.0,1.0463919766953143
DreamerV3,official_size12m,Alien,3,3268,13072,5,230.0,0.031884520065508036
DreamerV3,official_size12m,Alien,3,3817,15268,6,190.0,-0.5478340265800955
DreamerV3,official_size12m,Alien,3,4596,18384,7,160.0,-0.9826229365642982
DreamerV3,official_size12m,Alien,3,5138,20552,8,220.0,-0.11304511659589286
DreamerV3,official_size12m,Alien,3,5902,23608,9,300.0,1.0463919766953143
DreamerV3,official_size12m,Alien,3,6691,26764,10,90.0,-1.9971303931941047
DreamerV3,official_size12m,Alien,3,7264,29056,11,130.0,-1.417411846548501
DreamerV3,official_size12m,Alien,3,7819,31276,12,160.0,-0.9826229365642982
DreamerV3,official_size12m,Alien,3,8694,34776,13,770.0,7.858084899781158
DreamerV3,official_size12m,Alien,3,9631,38524,14,130.0,-1.417411846548501
DreamerV3,official_size12m,Alien,3,10471,41884,15,140.0,-1.2724822098871
DreamerV3,official_size12m,Alien,3,11151,44604,16,230.0,0.031884520065508036
DreamerV3,official_size12m,Alien,3,11896,47584,17,220.0,-0.11304511659589286
DreamerV3,official_size12m,Alien,3,12643,50572,18,320.0,1.336251250018116
DreamerV3,official_size12m,Alien,3,13248,52992,19,250.0,0.3217437933883099
DreamerV3,official_size12m,Alien,3,13655,54620,20,160.0,-0.9826229365642982
DreamerV3,official_size12m,Alien,3,14321,57284,21,120.0,-1.5623414832099018
DreamerV3,official_size12m,Alien,3,14790,59160,22,160.0,-0.9826229365642982
DreamerV3,official_size12m,Alien,3,15644,62576,23,230.0,0.031884520065508036
DreamerV3,official_size12m,Alien,3,16156,64624,24,260.0,0.46667343004971074
DreamerV3,official_size12m,Alien,3,16942,67768,25,320.0,1.336251250018116
DreamerV3,official_size12m,Alien,3,17642,70568,26,300.0,1.0463919766953143
DreamerV3,official_size12m,Alien,3,18193,72772,27,240.0,0.17681415672690892
DreamerV3,official_size12m,Alien,3,18973,75892,28,270.0,0.6116030667111116
DreamerV3,official_size12m,Alien,3,19460,77840,29,230.0,0.031884520065508036
DreamerV3,official_size12m,Alien,3,19840,79360,30,280.0,0.7565327033725125
DreamerV3,official_size12m,Alien,3,20266,81064,31,180.0,-0.6927636632414964
DreamerV3,official_size12m,Alien,3,20729,82916,32,180.0,-0.6927636632414964
DreamerV3,official_size12m,Alien,3,21102,84408,33,190.0,-0.5478340265800955
DreamerV3,official_size12m,Alien,3,21852,87408,34,370.0,2.0608994333251207
DreamerV3,official_size12m,Alien,3,22228,88912,35,190.0,-0.5478340265800955
DreamerV3,official_size12m,Alien,3,22966,91864,36,250.0,0.3217437933883099
DreamerV3,official_size12m,Alien,3,23633,94532,37,230.0,0.031884520065508036
DreamerV3,official_size12m,Alien,3,24202,96808,38,310.0,1.191321613356715
DreamerV3,official_size12m,Alien,3,24899,99596,39,330.0,1.4811808866795169
DreamerV3,official_size12m,Alien,3,25383,101532,40,270.0,0.6116030667111116
DreamerV3,official_size12m,Alien,3,25987,103948,41,360.0,1.9159697966637197
DreamerV3,official_size12m,Alien,3,26692,106768,42,280.0,0.7565327033725125
DreamerV3,official_size12m,Alien,3,27405,109620,43,440.0,3.075406889954927
DreamerV3,official_size12m,Alien,3,27908,111632,44,280.0,0.7565327033725125
DreamerV3,official_size12m,Alien,3,28449,113796,45,340.0,1.6261105233409179
DreamerV3,official_size12m,Alien,3,29053,116212,46,360.0,1.9159697966637197
DreamerV3,official_size12m,Alien,3,29570,118280,47,310.0,1.191321613356715
DreamerV3,official_size12m,Alien,3,30184,120736,48,410.0,2.6406179799707243
DreamerV3,official_size12m,Alien,3,31136,124544,49,350.0,1.7710401600023187
DreamerV3,official_size12m,Alien,3,31669,126676,50,210.0,-0.25797475325729374
DreamerV3,official_size12m,Alien,3,32425,129700,51,420.0,2.785547616632125
DreamerV3,official_size12m,Alien,3,33014,132056,52,380.0,2.2058290699865215
DreamerV3,official_size12m,Alien,3,33384,133536,53,240.0,0.17681415672690892
DreamerV3,official_size12m,Alien,3,34060,136240,54,240.0,0.17681415672690892
DreamerV3,official_size12m,Alien,3,34798,139192,55,360.0,1.9159697966637197
DreamerV3,official_size12m,Alien,3,35499,141996,56,460.0,3.3652661632777288
DreamerV3,official_size12m,Alien,3,36305,145220,57,430.0,2.930477253293526
DreamerV3,official_size12m,Alien,3,36916,147664,58,310.0,1.191321613356715
DreamerV3,official_size12m,Alien,3,37552,150208,59,280.0,0.7565327033725125
DreamerV3,official_size12m,Alien,3,38319,153276,60,420.0,2.785547616632125
DreamerV3,official_size12m,Alien,3,39178,156712,61,530.0,4.379773619907535
DreamerV3,official_size12m,Alien,3,40184,160736,62,400.0,2.4956883433093235
DreamerV3,official_size12m,Alien,3,40945,163780,63,520.0,4.234843983246134
DreamerV3,official_size12m,Alien,3,41442,165768,64,470.0,3.5101957999391296
DreamerV3,official_size12m,Alien,3,42106,168424,65,460.0,3.3652661632777288
DreamerV3,official_size12m,Alien,3,42665,170660,66,380.0,2.2058290699865215
DreamerV3,official_size12m,Alien,3,43385,173540,67,500.0,3.9449847099233324
DreamerV3,official_size12m,Alien,3,43922,175688,68,450.0,3.220336526616328
DreamerV3,official_size12m,Alien,3,44562,178248,69,510.0,4.089914346584734
DreamerV3,official_size12m,Alien,3,45004,180016,70,350.0,1.7710401600023187
DreamerV3,official_size12m,Alien,3,45426,181704,71,250.0,0.3217437933883099
DreamerV3,official_size12m,Alien,3,46094,184376,72,460.0,3.3652661632777288
DreamerV3,official_size12m,Alien,3,46555,186220,73,320.0,1.336251250018116
DreamerV3,official_size12m,Alien,3,47299,189196,74,550.0,4.669632893230337
DreamerV3,official_size12m,Alien,3,47829,191316,75,410.0,2.6406179799707243
DreamerV3,official_size12m,Alien,3,48461,193844,76,520.0,4.234843983246134
DreamerV3,official_size12m,Alien,3,48905,195620,77,340.0,1.6261105233409179
DreamerV3,official_size12m,Alien,3,49663,198652,78,560.0,4.814562529891738
DreamerV3,official_size12m,Alien,3,50388,201552,79,520.0,4.234843983246134
DreamerV3,official_size12m,Alien,3,51009,204036,80,470.0,3.5101957999391296
DreamerV3,official_size12m,Alien,3,51825,207300,81,580.0,5.10442180321454
DreamerV3,official_size12m,Alien,3,52440,209760,82,360.0,1.9159697966637197
DreamerV3,official_size12m,Alien,3,53019,212076,83,480.0,3.655125436600531
DreamerV3,official_size12m,Alien,3,53476,213904,84,340.0,1.6261105233409179
DreamerV3,official_size12m,Alien,3,53945,215780,85,450.0,3.220336526616328
DreamerV3,official_size12m,Alien,3,54632,218528,86,480.0,3.655125436600531
DreamerV3,official_size12m,Alien,3,55162,220648,87,420.0,2.785547616632125
DreamerV3,official_size12m,Alien,3,55519,222076,88,360.0,1.9159697966637197
DreamerV3,official_size12m,Alien,3,55946,223784,89,330.0,1.4811808866795169
DreamerV3,official_size12m,Alien,3,56594,226376,90,420.0,2.785547616632125
DreamerV3,official_size12m,Alien,3,57066,228264,91,410.0,2.6406179799707243
DreamerV3,official_size12m,Alien,3,57613,230452,92,450.0,3.220336526616328
DreamerV3,official_size12m,Alien,3,58376,233504,93,610.0,5.5392107131987425
DreamerV3,official_size12m,Alien,3,59330,237320,94,700.0,6.84357744315135
DreamerV3,official_size12m,Alien,3,59994,239976,95,500.0,3.9449847099233324
DreamerV3,official_size12m,Alien,3,60471,241884,96,440.0,3.075406889954927
DreamerV3,official_size12m,Alien,3,61402,245608,97,1120.0,12.930622182930188
DreamerV3,official_size12m,Alien,3,62021,248084,98,540.0,4.5247032565689365
DreamerV3,official_size12m,Alien,3,62424,249696,99,350.0,1.7710401600023187
DreamerV3,official_size12m,Alien,3,62992,251968,100,470.0,3.5101957999391296
DreamerV3,official_size12m,Alien,3,63548,254192,101,370.0,2.0608994333251207
DreamerV3,official_size12m,Alien,3,64285,257140,102,550.0,4.669632893230337
DreamerV3,official_size12m,Alien,3,64881,259524,103,400.0,2.4956883433093235
DreamerV3,official_size12m,Alien,3,65467,261868,104,390.0,2.3507587066479223
DreamerV3,official_size12m,Alien,3,66164,264656,105,1030.0,11.62625545297758
DreamerV3,official_size12m,Alien,3,66631,266524,106,330.0,1.4811808866795169
DreamerV3,official_size12m,Alien,3,67336,269344,107,610.0,5.5392107131987425
DreamerV3,official_size12m,Alien,3,68295,273180,108,680.0,6.5537181698285485
DreamerV3,official_size12m,Alien,3,68727,274908,109,330.0,1.4811808866795169
DreamerV3,official_size12m,Alien,3,69673,278692,110,560.0,4.814562529891738
DreamerV3,official_size12m,Alien,3,70331,281324,111,490.0,3.8000550732619316
DreamerV3,official_size12m,Alien,3,70701,282804,112,320.0,1.336251250018116
DreamerV3,official_size12m,Alien,3,71284,285136,113,470.0,3.5101957999391296
DreamerV3,official_size12m,Alien,3,71793,287172,114,420.0,2.785547616632125
DreamerV3,official_size12m,Alien,3,72382,289528,115,460.0,3.3652661632777288
DreamerV3,official_size12m,Alien,3,73042,292168,116,530.0,4.379773619907535
DreamerV3,official_size12m,Alien,3,73804,295216,117,540.0,4.5247032565689365
DreamerV3,official_size12m,Alien,3,74442,297768,118,440.0,3.075406889954927
DreamerV3,official_size12m,Alien,3,75277,301108,119,1160.0,13.510340729575791
DreamerV3,official_size12m,Alien,3,75909,303636,120,410.0,2.6406179799707243
DreamerV3,official_size12m,Alien,3,76698,306792,121,620.0,5.684140349860143
DreamerV3,official_size12m,Alien,3,77441,309764,122,460.0,3.3652661632777288
DreamerV3,official_size12m,Alien,3,77891,311564,123,300.0,1.0463919766953143
DreamerV3,official_size12m,Alien,3,78519,314076,124,580.0,5.10442180321454
DreamerV3,official_size12m,Alien,3,79234,316936,125,540.0,4.5247032565689365
DreamerV3,official_size12m,Alien,3,79877,319508,126,510.0,4.089914346584734
DreamerV3,official_size12m,Alien,3,80688,322752,127,550.0,4.669632893230337
DreamerV3,official_size12m,Alien,3,81346,325384,128,510.0,4.089914346584734
DreamerV3,official_size12m,Alien,3,82066,328264,129,550.0,4.669632893230337
DreamerV3,official_size12m,Alien,3,82653,330612,130,550.0,4.669632893230337
DreamerV3,official_size12m,Alien,3,83482,333928,131,520.0,4.234843983246134
DreamerV3,official_size12m,Alien,3,83979,335916,132,440.0,3.075406889954927
DreamerV3,official_size12m,Alien,3,84541,338164,133,470.0,3.5101957999391296
DreamerV3,official_size12m,Alien,3,85162,340648,134,590.0,5.249351439875941
DreamerV3,official_size12m,Alien,3,85781,343124,135,590.0,5.249351439875941
DreamerV3,official_size12m,Alien,3,86314,345256,136,560.0,4.814562529891738
DreamerV3,official_size12m,Alien,3,87038,348152,137,500.0,3.9449847099233324
DreamerV3,official_size12m,Alien,3,87565,350260,138,520.0,4.234843983246134
DreamerV3,official_size12m,Alien,3,88259,353036,139,610.0,5.5392107131987425
DreamerV3,official_size12m,Alien,3,89048,356192,140,630.0,5.829069986521544
DreamerV3,official_size12m,Alien,3,89548,358192,141,520.0,4.234843983246134
DreamerV3,official_size12m,Alien,3,90213,360852,142,520.0,4.234843983246134
DreamerV3,official_size12m,Alien,3,90725,362900,143,430.0,2.930477253293526
DreamerV3,official_size12m,Alien,3,91325,365300,144,450.0,3.220336526616328
DreamerV3,official_size12m,Alien,3,92037,368148,145,660.0,6.263858896505747
DreamerV3,official_size12m,Alien,3,92734,370936,146,490.0,3.8000550732619316
DreamerV3,official_size12m,Alien,3,93459,373836,147,500.0,3.9449847099233324
DreamerV3,official_size12m,Alien,3,94079,376316,148,440.0,3.075406889954927
DreamerV3,official_size12m,Alien,3,94587,378348,149,470.0,3.5101957999391296
DreamerV3,official_size12m,Alien,3,95418,381672,150,650.0,6.118929259844346
DreamerV3,official_size12m,Alien,3,96107,384428,151,450.0,3.220336526616328
DreamerV3,official_size12m,Alien,3,96681,386724,152,580.0,5.10442180321454
DreamerV3,official_size12m,Alien,3,97058,388232,153,910.0,9.88709981304077
DreamerV3,official_size12m,Alien,3,97659,390636,154,530.0,4.379773619907535
DreamerV3,official_size12m,Alien,3,98341,393364,155,780.0,8.003014536442558
DreamerV3,official_size12m,Alien,3,98822,395288,156,500.0,3.9449847099233324
DreamerV3,official_size12m,Alien,3,99475,397900,157,540.0,4.5247032565689365
DreamerV3,official_size12m,Alien,3,100209,400836,158,1110.0,12.785692546268788
DreamerV3,official_size12m,Alien,3,101038,404152,159,640.0,5.973999623182945
DreamerV3,official_size12m,Alien,3,101584,406336,160,450.0,3.220336526616328
DreamerV3,official_size12m,Alien,3,102200,408800,161,650.0,6.118929259844346
DreamerV3,official_size12m,Alien,3,103019,412076,162,680.0,6.5537181698285485
DreamerV3,official_size12m,Alien,3,103718,414872,163,590.0,5.249351439875941
DreamerV3,official_size12m,Alien,3,104515,418060,164,660.0,6.263858896505747
DreamerV3,official_size12m,Alien,3,105454,421816,165,620.0,5.684140349860143
DreamerV3,official_size12m,Alien,3,106093,424372,166,610.0,5.5392107131987425
DreamerV3,official_size12m,Alien,3,106640,426560,167,590.0,5.249351439875941
DreamerV3,official_size12m,Alien,3,107262,429048,168,610.0,5.5392107131987425
DreamerV3,official_size12m,Alien,3,107866,431464,169,590.0,5.249351439875941
DreamerV3,official_size12m,Alien,3,108473,433892,170,590.0,5.249351439875941
DreamerV3,official_size12m,Alien,3,109103,436412,171,600.0,5.394281076537341
DreamerV3,official_size12m,Alien,4,679,2716,1,170.0,-0.8376932999028973
DreamerV3,official_size12m,Alien,4,1517,6068,2,320.0,1.336251250018116
DreamerV3,official_size12m,Alien,4,2143,8572,3,270.0,0.6116030667111116
DreamerV3,official_size12m,Alien,4,2879,11516,4,200.0,-0.40290438991869465
DreamerV3,official_size12m,Alien,4,3598,14392,5,310.0,1.191321613356715
DreamerV3,official_size12m,Alien,4,4081,16324,6,150.0,-1.127552573225699
DreamerV3,official_size12m,Alien,4,4644,18576,7,180.0,-0.6927636632414964
DreamerV3,official_size12m,Alien,4,5685,22740,8,260.0,0.46667343004971074
DreamerV3,official_size12m,Alien,4,6174,24696,9,100.0,-1.8522007565327037
DreamerV3,official_size12m,Alien,4,7121,28484,10,260.0,0.46667343004971074
DreamerV3,official_size12m,Alien,4,7907,31628,11,270.0,0.6116030667111116
DreamerV3,official_size12m,Alien,4,8489,33956,12,140.0,-1.2724822098871
DreamerV3,official_size12m,Alien,4,9196,36784,13,110.0,-1.7072711198713029
DreamerV3,official_size12m,Alien,4,9927,39708,14,230.0,0.031884520065508036
DreamerV3,official_size12m,Alien,4,10573,42292,15,120.0,-1.5623414832099018
DreamerV3,official_size12m,Alien,4,11319,45276,16,290.0,0.9014623400339135
DreamerV3,official_size12m,Alien,4,11906,47624,17,140.0,-1.2724822098871
DreamerV3,official_size12m,Alien,4,12448,49792,18,140.0,-1.2724822098871
DreamerV3,official_size12m,Alien,4,13036,52144,19,140.0,-1.2724822098871
DreamerV3,official_size12m,Alien,4,13912,55648,20,230.0,0.031884520065508036
DreamerV3,official_size12m,Alien,4,14621,58484,21,270.0,0.6116030667111116
DreamerV3,official_size12m,Alien,4,15487,61948,22,230.0,0.031884520065508036
DreamerV3,official_size12m,Alien,4,15964,63856,23,220.0,-0.11304511659589286
DreamerV3,official_size12m,Alien,4,16705,66820,24,270.0,0.6116030667111116
DreamerV3,official_size12m,Alien,4,18047,72188,25,1040.0,11.771185089638982
DreamerV3,official_size12m,Alien,4,18788,75152,26,330.0,1.4811808866795169
DreamerV3,official_size12m,Alien,4,19477,77908,27,260.0,0.46667343004971074
DreamerV3,official_size12m,Alien,4,20107,80428,28,200.0,-0.40290438991869465
DreamerV3,official_size12m,Alien,4,20859,83436,29,270.0,0.6116030667111116
DreamerV3,official_size12m,Alien,4,21517,86068,30,240.0,0.17681415672690892
DreamerV3,official_size12m,Alien,4,22021,88084,31,270.0,0.6116030667111116
DreamerV3,official_size12m,Alien,4,22887,91548,32,820.0,8.582733083088161
DreamerV3,official_size12m,Alien,4,23500,94000,33,240.0,0.17681415672690892
DreamerV3,official_size12m,Alien,4,24071,96284,34,300.0,1.0463919766953143
DreamerV3,official_size12m,Alien,4,24978,99912,35,550.0,4.669632893230337
DreamerV3,official_size12m,Alien,4,25637,102548,36,500.0,3.9449847099233324
DreamerV3,official_size12m,Alien,4,26404,105616,37,470.0,3.5101957999391296
DreamerV3,official_size12m,Alien,4,26869,107476,38,390.0,2.3507587066479223
DreamerV3,official_size12m,Alien,4,27550,110200,39,540.0,4.5247032565689365
DreamerV3,official_size12m,Alien,4,28224,112896,40,540.0,4.5247032565689365
DreamerV3,official_size12m,Alien,4,28711,114844,41,400.0,2.4956883433093235
DreamerV3,official_size12m,Alien,4,29410,117640,42,530.0,4.379773619907535
DreamerV3,official_size12m,Alien,4,30043,120172,43,440.0,3.075406889954927
DreamerV3,official_size12m,Alien,4,30673,122692,44,470.0,3.5101957999391296
DreamerV3,official_size12m,Alien,4,31396,125584,45,480.0,3.655125436600531
DreamerV3,official_size12m,Alien,4,31853,127412,46,390.0,2.3507587066479223
DreamerV3,official_size12m,Alien,4,32313,129252,47,390.0,2.3507587066479223
DreamerV3,official_size12m,Alien,4,33033,132132,48,600.0,5.394281076537341
DreamerV3,official_size12m,Alien,4,34057,136228,49,1060.0,12.061044362961782
DreamerV3,official_size12m,Alien,4,34942,139768,50,630.0,5.829069986521544
DreamerV3,official_size12m,Alien,4,35882,143528,51,620.0,5.684140349860143
DreamerV3,official_size12m,Alien,4,36456,145824,52,550.0,4.669632893230337
DreamerV3,official_size12m,Alien,4,36800,147200,53,360.0,1.9159697966637197
DreamerV3,official_size12m,Alien,4,37554,150216,54,550.0,4.669632893230337
DreamerV3,official_size12m,Alien,4,38263,153052,55,520.0,4.234843983246134
DreamerV3,official_size12m,Alien,4,39145,156580,56,490.0,3.8000550732619316
DreamerV3,official_size12m,Alien,4,40014,160056,57,540.0,4.5247032565689365
DreamerV3,official_size12m,Alien,4,41029,164116,58,1140.0,13.22048145625299
DreamerV3,official_size12m,Alien,4,41525,166100,59,330.0,1.4811808866795169
DreamerV3,official_size12m,Alien,4,41985,167940,60,260.0,0.46667343004971074
DreamerV3,official_size12m,Alien,4,42547,170188,61,390.0,2.3507587066479223
DreamerV3,official_size12m,Alien,4,43375,173500,62,610.0,5.5392107131987425
DreamerV3,official_size12m,Alien,4,43964,175856,63,510.0,4.089914346584734
DreamerV3,official_size12m,Alien,4,44968,179872,64,2100.0,27.133726575747477
DreamerV3,official_size12m,Alien,4,46127,184508,65,790.0,8.14794417310396
DreamerV3,official_size12m,Alien,4,46777,187108,66,500.0,3.9449847099233324
DreamerV3,official_size12m,Alien,4,47379,189516,67,470.0,3.5101957999391296
DreamerV3,official_size12m,Alien,4,47917,191668,68,360.0,1.9159697966637197
DreamerV3,official_size12m,Alien,4,48566,194264,69,520.0,4.234843983246134
DreamerV3,official_size12m,Alien,4,49055,196220,70,520.0,4.234843983246134
DreamerV3,official_size12m,Alien,4,49525,198100,71,410.0,2.6406179799707243
DreamerV3,official_size12m,Alien,4,50345,201380,72,540.0,4.5247032565689365
DreamerV3,official_size12m,Alien,4,51236,204944,73,1200.0,14.090059276221396
DreamerV3,official_size12m,Alien,4,51859,207436,74,1160.0,13.510340729575791
DreamerV3,official_size12m,Alien,4,52460,209840,75,560.0,4.814562529891738
DreamerV3,official_size12m,Alien,4,52938,211752,76,460.0,3.3652661632777288
DreamerV3,official_size12m,Alien,4,53445,213780,77,520.0,4.234843983246134
DreamerV3,official_size12m,Alien,4,54042,216168,78,600.0,5.394281076537341
DreamerV3,official_size12m,Alien,4,54550,218200,79,500.0,3.9449847099233324
DreamerV3,official_size12m,Alien,4,55220,220880,80,510.0,4.089914346584734
DreamerV3,official_size12m,Alien,4,55895,223580,81,600.0,5.394281076537341
DreamerV3,official_size12m,Alien,4,56797,227188,82,1040.0,11.771185089638982
DreamerV3,official_size12m,Alien,4,57471,229884,83,620.0,5.684140349860143
DreamerV3,official_size12m,Alien,4,58248,232992,84,410.0,2.6406179799707243
DreamerV3,official_size12m,Alien,4,58877,235508,85,600.0,5.394281076537341
DreamerV3,official_size12m,Alien,4,59713,238852,86,420.0,2.785547616632125
DreamerV3,official_size12m,Alien,4,60516,242064,87,390.0,2.3507587066479223
DreamerV3,official_size12m,Alien,4,61316,245264,88,1040.0,11.771185089638982
DreamerV3,official_size12m,Alien,4,62187,248748,89,610.0,5.5392107131987425
DreamerV3,official_size12m,Alien,4,62797,251188,90,540.0,4.5247032565689365
DreamerV3,official_size12m,Alien,4,63503,254012,91,700.0,6.84357744315135
DreamerV3,official_size12m,Alien,4,63959,255836,92,440.0,3.075406889954927
DreamerV3,official_size12m,Alien,4,64467,257868,93,620.0,5.684140349860143
DreamerV3,official_size12m,Alien,4,65209,260836,94,540.0,4.5247032565689365
DreamerV3,official_size12m,Alien,4,66151,264604,95,620.0,5.684140349860143
DreamerV3,official_size12m,Alien,4,66804,267216,96,580.0,5.10442180321454
DreamerV3,official_size12m,Alien,4,67612,270448,97,620.0,5.684140349860143
DreamerV3,official_size12m,Alien,4,68485,273940,98,610.0,5.5392107131987425
DreamerV3,official_size12m,Alien,4,69230,276920,99,600.0,5.394281076537341
DreamerV3,official_size12m,Alien,4,69976,279904,100,510.0,4.089914346584734
DreamerV3,official_size12m,Alien,4,70692,282768,101,550.0,4.669632893230337
DreamerV3,official_size12m,Alien,4,71272,285088,102,500.0,3.9449847099233324
DreamerV3,official_size12m,Alien,4,71945,287780,103,570.0,4.959492166553138
DreamerV3,official_size12m,Alien,4,72889,291556,104,650.0,6.118929259844346
DreamerV3,official_size12m,Alien,4,73731,294924,105,1120.0,12.930622182930188
DreamerV3,official_size12m,Alien,4,74499,297996,106,670.0,6.408788533167147
DreamerV3,official_size12m,Alien,4,75335,301340,107,950.0,10.466818359686373
DreamerV3,official_size12m,Alien,4,76380,305520,108,670.0,6.408788533167147
DreamerV3,official_size12m,Alien,4,77449,309796,109,1190.0,13.945129639559994
DreamerV3,official_size12m,Alien,4,78109,312436,110,570.0,4.959492166553138
DreamerV3,official_size12m,Alien,4,78885,315540,111,1080.0,12.350903636284585
DreamerV3,official_size12m,Alien,4,79638,318552,112,1030.0,11.62625545297758
DreamerV3,official_size12m,Alien,4,80207,320828,113,600.0,5.394281076537341
DreamerV3,official_size12m,Alien,4,81042,324168,114,730.0,7.278366353135553
DreamerV3,official_size12m,Alien,4,81630,326520,115,670.0,6.408788533167147
DreamerV3,official_size12m,Alien,4,82021,328084,116,490.0,3.8000550732619316
DreamerV3,official_size12m,Alien,4,82747,330988,117,1160.0,13.510340729575791
DreamerV3,official_size12m,Alien,4,83955,335820,118,870.0,9.307381266395167
DreamerV3,official_size12m,Alien,4,85160,340640,119,760.0,7.713155263119757
DreamerV3,official_size12m,Alien,4,86031,344124,120,2100.0,27.133726575747477
DreamerV3,official_size12m,Alien,4,86629,346516,121,550.0,4.669632893230337
DreamerV3,official_size12m,Alien,4,87619,350476,122,2240.0,29.16274148900709
DreamerV3,official_size12m,Alien,4,88723,354892,123,810.0,8.437803446426761
DreamerV3,official_size12m,Alien,4,89395,357580,124,510.0,4.089914346584734
DreamerV3,official_size12m,Alien,4,90054,360216,125,630.0,5.829069986521544
DreamerV3,official_size12m,Alien,4,91100,364400,126,810.0,8.437803446426761
DreamerV3,official_size12m,Alien,4,91928,367712,127,690.0,6.69864780648995
DreamerV3,official_size12m,Alien,4,92644,370576,128,570.0,4.959492166553138
DreamerV3,official_size12m,Alien,4,93592,374368,129,650.0,6.118929259844346
DreamerV3,official_size12m,Alien,4,94428,377712,130,1140.0,13.22048145625299
DreamerV3,official_size12m,Alien,4,95102,380408,131,730.0,7.278366353135553
DreamerV3,official_size12m,Alien,4,96117,384468,132,1430.0,17.423440919433617
DreamerV3,official_size12m,Alien,4,96785,387140,133,1100.0,12.640762909607385
DreamerV3,official_size12m,Alien,4,97502,390008,134,410.0,2.6406179799707243
DreamerV3,official_size12m,Alien,4,98591,394364,135,820.0,8.582733083088161
DreamerV3,official_size12m,Alien,4,99322,397288,136,1170.0,13.655270366237193
DreamerV3,official_size12m,Alien,4,100059,400236,137,1120.0,12.930622182930188
DreamerV3,official_size12m,Alien,4,100735,402940,138,550.0,4.669632893230337
DreamerV3,official_size12m,Alien,4,101829,407316,139,2410.0,31.6265453122509
DreamerV3,official_size12m,Alien,4,102685,410740,140,780.0,8.003014536442558
DreamerV3,official_size12m,Alien,4,103721,414884,141,820.0,8.582733083088161
DreamerV3,official_size12m,Alien,4,104846,419384,142,860.0,9.162451629733766
DreamerV3,official_size12m,Alien,4,105607,422428,143,1050.0,11.916114726300382
DreamerV3,official_size12m,Alien,4,106431,425724,144,1190.0,13.945129639559994
DreamerV3,official_size12m,Alien,4,107311,429244,145,2260.0,29.45260076232989
DreamerV3,official_size12m,Alien,4,107875,431500,146,610.0,5.5392107131987425
DreamerV3,official_size12m,Alien,4,108725,434900,147,1220.0,14.379918549544197
DreamerV3,official_size12m,Alien,4,109805,439220,148,2280.0,29.742460035652687
